{
  "project_info": {
    "project_number": "402228463677",
    "project_id": "nike-outlet-7b6e6",
    "storage_bucket": "nike-outlet-7b6e6.appspot.com"
  },
  "client": [
    {
      "client_info": {
        "mobilesdk_app_id": "1:402228463677:android:4494a1a92db33640abc254",
        "android_client_info": {
          "package_name": "com.example.nikeoutlet"
        }
      },
      "oauth_client": [
        {
          "client_id": "402228463677-vbvfciq3iq06omor7s0a69s8gnfrcd83.apps.googleusercontent.com",
          "client_type": 3
        }
      ],
      "api_key": [
        {
          "current_key": "AIzaSyCz_pu2S1OkgEcAH_RINp1MX2t7VUCdPso"
        }
      ],
      "services": {
        "appinvite_service": {
          "other_platform_oauth_client": [
            {
              "client_id": "402228463677-vbvfciq3iq06omor7s0a69s8gnfrcd83.apps.googleusercontent.com",
              "client_type": 3
            }
          ]
        }
      }
    }
  ],
  "configuration_version": "1"
}